{
    "loss": 7.484978199005127,
    "accuracy": 0.7144590020179749
}