{
    "loss": 6.568945407867432,
    "accuracy": 0.7316836714744568
}